path,label
/gpfsscratch/rech/rnz/uyc98hc/datasets/tcga/mocov3/resnet50/train/luad/luad_002.csv,1
/gpfsscratch/rech/rnz/uyc98hc/datasets/tcga/mocov3/resnet50/train/luad/luad_004.csv,1
/gpfsscratch/rech/rnz/uyc98hc/datasets/tcga/mocov3/resnet50/train/luad/luad_005.csv,1
/gpfsscratch/rech/rnz/uyc98hc/datasets/tcga/mocov3/resnet50/train/luad/luad_008.csv,1
/gpfsscratch/rech/rnz/uyc98hc/datasets/tcga/mocov3/resnet50/train/luad/luad_009.csv,1
/gpfsscratch/rech/rnz/uyc98hc/datasets/tcga/mocov3/resnet50/train/luad/luad_010.csv,1
/gpfsscratch/rech/rnz/uyc98hc/datasets/tcga/mocov3/resnet50/train/luad/luad_011.csv,1
/gpfsscratch/rech/rnz/uyc98hc/datasets/tcga/mocov3/resnet50/train/luad/luad_012.csv,1
/gpfsscratch/rech/rnz/uyc98hc/datasets/tcga/mocov3/resnet50/train/luad/luad_014.csv,1
/gpfsscratch/rech/rnz/uyc98hc/datasets/tcga/mocov3/resnet50/train/luad/luad_015.csv,1
/gpfsscratch/rech/rnz/uyc98hc/datasets/tcga/mocov3/resnet50/train/luad/luad_016.csv,1
/gpfsscratch/rech/rnz/uyc98hc/datasets/tcga/mocov3/resnet50/train/luad/luad_018.csv,1
/gpfsscratch/rech/rnz/uyc98hc/datasets/tcga/mocov3/resnet50/train/luad/luad_019.csv,1
/gpfsscratch/rech/rnz/uyc98hc/datasets/tcga/mocov3/resnet50/train/luad/luad_021.csv,1
/gpfsscratch/rech/rnz/uyc98hc/datasets/tcga/mocov3/resnet50/train/luad/luad_022.csv,1
/gpfsscratch/rech/rnz/uyc98hc/datasets/tcga/mocov3/resnet50/train/luad/luad_023.csv,1
/gpfsscratch/rech/rnz/uyc98hc/datasets/tcga/mocov3/resnet50/train/luad/luad_026.csv,1
/gpfsscratch/rech/rnz/uyc98hc/datasets/tcga/mocov3/resnet50/train/luad/luad_027.csv,1
/gpfsscratch/rech/rnz/uyc98hc/datasets/tcga/mocov3/resnet50/train/luad/luad_028.csv,1
/gpfsscratch/rech/rnz/uyc98hc/datasets/tcga/mocov3/resnet50/train/luad/luad_029.csv,1
/gpfsscratch/rech/rnz/uyc98hc/datasets/tcga/mocov3/resnet50/train/luad/luad_032.csv,1
/gpfsscratch/rech/rnz/uyc98hc/datasets/tcga/mocov3/resnet50/train/luad/luad_033.csv,1
/gpfsscratch/rech/rnz/uyc98hc/datasets/tcga/mocov3/resnet50/train/luad/luad_037.csv,1
/gpfsscratch/rech/rnz/uyc98hc/datasets/tcga/mocov3/resnet50/train/luad/luad_038.csv,1
/gpfsscratch/rech/rnz/uyc98hc/datasets/tcga/mocov3/resnet50/train/luad/luad_039.csv,1
/gpfsscratch/rech/rnz/uyc98hc/datasets/tcga/mocov3/resnet50/train/luad/luad_041.csv,1
/gpfsscratch/rech/rnz/uyc98hc/datasets/tcga/mocov3/resnet50/train/luad/luad_043.csv,1
/gpfsscratch/rech/rnz/uyc98hc/datasets/tcga/mocov3/resnet50/train/luad/luad_050.csv,1
/gpfsscratch/rech/rnz/uyc98hc/datasets/tcga/mocov3/resnet50/train/luad/luad_051.csv,1
/gpfsscratch/rech/rnz/uyc98hc/datasets/tcga/mocov3/resnet50/train/luad/luad_052.csv,1
/gpfsscratch/rech/rnz/uyc98hc/datasets/tcga/mocov3/resnet50/train/luad/luad_053.csv,1
/gpfsscratch/rech/rnz/uyc98hc/datasets/tcga/mocov3/resnet50/train/luad/luad_054.csv,1
/gpfsscratch/rech/rnz/uyc98hc/datasets/tcga/mocov3/resnet50/train/luad/luad_055.csv,1
/gpfsscratch/rech/rnz/uyc98hc/datasets/tcga/mocov3/resnet50/train/luad/luad_057.csv,1
/gpfsscratch/rech/rnz/uyc98hc/datasets/tcga/mocov3/resnet50/train/luad/luad_060.csv,1
/gpfsscratch/rech/rnz/uyc98hc/datasets/tcga/mocov3/resnet50/train/luad/luad_061.csv,1
/gpfsscratch/rech/rnz/uyc98hc/datasets/tcga/mocov3/resnet50/train/luad/luad_062.csv,1
/gpfsscratch/rech/rnz/uyc98hc/datasets/tcga/mocov3/resnet50/train/luad/luad_063.csv,1
/gpfsscratch/rech/rnz/uyc98hc/datasets/tcga/mocov3/resnet50/train/luad/luad_064.csv,1
/gpfsscratch/rech/rnz/uyc98hc/datasets/tcga/mocov3/resnet50/train/luad/luad_066.csv,1
/gpfsscratch/rech/rnz/uyc98hc/datasets/tcga/mocov3/resnet50/train/luad/luad_068.csv,1
/gpfsscratch/rech/rnz/uyc98hc/datasets/tcga/mocov3/resnet50/train/luad/luad_069.csv,1
/gpfsscratch/rech/rnz/uyc98hc/datasets/tcga/mocov3/resnet50/train/luad/luad_071.csv,1
/gpfsscratch/rech/rnz/uyc98hc/datasets/tcga/mocov3/resnet50/train/luad/luad_072.csv,1
/gpfsscratch/rech/rnz/uyc98hc/datasets/tcga/mocov3/resnet50/train/luad/luad_073.csv,1
/gpfsscratch/rech/rnz/uyc98hc/datasets/tcga/mocov3/resnet50/train/luad/luad_074.csv,1
/gpfsscratch/rech/rnz/uyc98hc/datasets/tcga/mocov3/resnet50/train/luad/luad_075.csv,1
/gpfsscratch/rech/rnz/uyc98hc/datasets/tcga/mocov3/resnet50/train/luad/luad_077.csv,1
/gpfsscratch/rech/rnz/uyc98hc/datasets/tcga/mocov3/resnet50/train/luad/luad_079.csv,1
/gpfsscratch/rech/rnz/uyc98hc/datasets/tcga/mocov3/resnet50/train/luad/luad_080.csv,1
/gpfsscratch/rech/rnz/uyc98hc/datasets/tcga/mocov3/resnet50/train/luad/luad_081.csv,1
/gpfsscratch/rech/rnz/uyc98hc/datasets/tcga/mocov3/resnet50/train/luad/luad_082.csv,1
/gpfsscratch/rech/rnz/uyc98hc/datasets/tcga/mocov3/resnet50/train/luad/luad_083.csv,1
/gpfsscratch/rech/rnz/uyc98hc/datasets/tcga/mocov3/resnet50/train/luad/luad_085.csv,1
/gpfsscratch/rech/rnz/uyc98hc/datasets/tcga/mocov3/resnet50/train/luad/luad_086.csv,1
/gpfsscratch/rech/rnz/uyc98hc/datasets/tcga/mocov3/resnet50/train/luad/luad_087.csv,1
/gpfsscratch/rech/rnz/uyc98hc/datasets/tcga/mocov3/resnet50/train/luad/luad_088.csv,1
/gpfsscratch/rech/rnz/uyc98hc/datasets/tcga/mocov3/resnet50/train/luad/luad_089.csv,1
/gpfsscratch/rech/rnz/uyc98hc/datasets/tcga/mocov3/resnet50/train/luad/luad_090.csv,1
/gpfsscratch/rech/rnz/uyc98hc/datasets/tcga/mocov3/resnet50/train/luad/luad_091.csv,1
/gpfsscratch/rech/rnz/uyc98hc/datasets/tcga/mocov3/resnet50/train/luad/luad_092.csv,1
/gpfsscratch/rech/rnz/uyc98hc/datasets/tcga/mocov3/resnet50/train/luad/luad_094.csv,1
/gpfsscratch/rech/rnz/uyc98hc/datasets/tcga/mocov3/resnet50/train/luad/luad_097.csv,1
/gpfsscratch/rech/rnz/uyc98hc/datasets/tcga/mocov3/resnet50/train/luad/luad_099.csv,1
/gpfsscratch/rech/rnz/uyc98hc/datasets/tcga/mocov3/resnet50/train/luad/luad_102.csv,1
/gpfsscratch/rech/rnz/uyc98hc/datasets/tcga/mocov3/resnet50/train/luad/luad_104.csv,1
/gpfsscratch/rech/rnz/uyc98hc/datasets/tcga/mocov3/resnet50/train/luad/luad_105.csv,1
/gpfsscratch/rech/rnz/uyc98hc/datasets/tcga/mocov3/resnet50/train/luad/luad_106.csv,1
/gpfsscratch/rech/rnz/uyc98hc/datasets/tcga/mocov3/resnet50/train/luad/luad_107.csv,1
/gpfsscratch/rech/rnz/uyc98hc/datasets/tcga/mocov3/resnet50/train/luad/luad_108.csv,1
/gpfsscratch/rech/rnz/uyc98hc/datasets/tcga/mocov3/resnet50/train/luad/luad_109.csv,1
/gpfsscratch/rech/rnz/uyc98hc/datasets/tcga/mocov3/resnet50/train/luad/luad_110.csv,1
/gpfsscratch/rech/rnz/uyc98hc/datasets/tcga/mocov3/resnet50/train/luad/luad_113.csv,1
/gpfsscratch/rech/rnz/uyc98hc/datasets/tcga/mocov3/resnet50/train/luad/luad_115.csv,1
/gpfsscratch/rech/rnz/uyc98hc/datasets/tcga/mocov3/resnet50/train/luad/luad_116.csv,1
/gpfsscratch/rech/rnz/uyc98hc/datasets/tcga/mocov3/resnet50/train/luad/luad_117.csv,1
/gpfsscratch/rech/rnz/uyc98hc/datasets/tcga/mocov3/resnet50/train/luad/luad_118.csv,1
/gpfsscratch/rech/rnz/uyc98hc/datasets/tcga/mocov3/resnet50/train/luad/luad_120.csv,1
/gpfsscratch/rech/rnz/uyc98hc/datasets/tcga/mocov3/resnet50/train/luad/luad_122.csv,1
/gpfsscratch/rech/rnz/uyc98hc/datasets/tcga/mocov3/resnet50/train/luad/luad_123.csv,1
/gpfsscratch/rech/rnz/uyc98hc/datasets/tcga/mocov3/resnet50/train/luad/luad_124.csv,1
/gpfsscratch/rech/rnz/uyc98hc/datasets/tcga/mocov3/resnet50/train/luad/luad_127.csv,1
/gpfsscratch/rech/rnz/uyc98hc/datasets/tcga/mocov3/resnet50/train/luad/luad_128.csv,1
/gpfsscratch/rech/rnz/uyc98hc/datasets/tcga/mocov3/resnet50/train/luad/luad_129.csv,1
/gpfsscratch/rech/rnz/uyc98hc/datasets/tcga/mocov3/resnet50/train/luad/luad_130.csv,1
/gpfsscratch/rech/rnz/uyc98hc/datasets/tcga/mocov3/resnet50/train/luad/luad_133.csv,1
/gpfsscratch/rech/rnz/uyc98hc/datasets/tcga/mocov3/resnet50/train/luad/luad_134.csv,1
/gpfsscratch/rech/rnz/uyc98hc/datasets/tcga/mocov3/resnet50/train/luad/luad_136.csv,1
/gpfsscratch/rech/rnz/uyc98hc/datasets/tcga/mocov3/resnet50/train/luad/luad_137.csv,1
/gpfsscratch/rech/rnz/uyc98hc/datasets/tcga/mocov3/resnet50/train/luad/luad_139.csv,1
/gpfsscratch/rech/rnz/uyc98hc/datasets/tcga/mocov3/resnet50/train/luad/luad_141.csv,1
/gpfsscratch/rech/rnz/uyc98hc/datasets/tcga/mocov3/resnet50/train/luad/luad_142.csv,1
/gpfsscratch/rech/rnz/uyc98hc/datasets/tcga/mocov3/resnet50/train/luad/luad_144.csv,1
/gpfsscratch/rech/rnz/uyc98hc/datasets/tcga/mocov3/resnet50/train/luad/luad_145.csv,1
/gpfsscratch/rech/rnz/uyc98hc/datasets/tcga/mocov3/resnet50/train/luad/luad_147.csv,1
/gpfsscratch/rech/rnz/uyc98hc/datasets/tcga/mocov3/resnet50/train/luad/luad_148.csv,1
/gpfsscratch/rech/rnz/uyc98hc/datasets/tcga/mocov3/resnet50/train/luad/luad_149.csv,1
/gpfsscratch/rech/rnz/uyc98hc/datasets/tcga/mocov3/resnet50/train/luad/luad_150.csv,1
/gpfsscratch/rech/rnz/uyc98hc/datasets/tcga/mocov3/resnet50/train/luad/luad_156.csv,1
/gpfsscratch/rech/rnz/uyc98hc/datasets/tcga/mocov3/resnet50/train/luad/luad_157.csv,1
/gpfsscratch/rech/rnz/uyc98hc/datasets/tcga/mocov3/resnet50/train/luad/luad_158.csv,1
/gpfsscratch/rech/rnz/uyc98hc/datasets/tcga/mocov3/resnet50/train/luad/luad_159.csv,1
/gpfsscratch/rech/rnz/uyc98hc/datasets/tcga/mocov3/resnet50/train/luad/luad_160.csv,1
/gpfsscratch/rech/rnz/uyc98hc/datasets/tcga/mocov3/resnet50/train/luad/luad_161.csv,1
/gpfsscratch/rech/rnz/uyc98hc/datasets/tcga/mocov3/resnet50/train/luad/luad_162.csv,1
/gpfsscratch/rech/rnz/uyc98hc/datasets/tcga/mocov3/resnet50/train/luad/luad_163.csv,1
/gpfsscratch/rech/rnz/uyc98hc/datasets/tcga/mocov3/resnet50/train/luad/luad_165.csv,1
/gpfsscratch/rech/rnz/uyc98hc/datasets/tcga/mocov3/resnet50/train/luad/luad_166.csv,1
/gpfsscratch/rech/rnz/uyc98hc/datasets/tcga/mocov3/resnet50/train/luad/luad_167.csv,1
/gpfsscratch/rech/rnz/uyc98hc/datasets/tcga/mocov3/resnet50/train/luad/luad_168.csv,1
/gpfsscratch/rech/rnz/uyc98hc/datasets/tcga/mocov3/resnet50/train/luad/luad_169.csv,1
/gpfsscratch/rech/rnz/uyc98hc/datasets/tcga/mocov3/resnet50/train/luad/luad_171.csv,1
/gpfsscratch/rech/rnz/uyc98hc/datasets/tcga/mocov3/resnet50/train/luad/luad_174.csv,1
/gpfsscratch/rech/rnz/uyc98hc/datasets/tcga/mocov3/resnet50/train/luad/luad_175.csv,1
/gpfsscratch/rech/rnz/uyc98hc/datasets/tcga/mocov3/resnet50/train/luad/luad_176.csv,1
/gpfsscratch/rech/rnz/uyc98hc/datasets/tcga/mocov3/resnet50/train/luad/luad_177.csv,1
/gpfsscratch/rech/rnz/uyc98hc/datasets/tcga/mocov3/resnet50/train/luad/luad_178.csv,1
/gpfsscratch/rech/rnz/uyc98hc/datasets/tcga/mocov3/resnet50/train/luad/luad_179.csv,1
/gpfsscratch/rech/rnz/uyc98hc/datasets/tcga/mocov3/resnet50/train/luad/luad_183.csv,1
/gpfsscratch/rech/rnz/uyc98hc/datasets/tcga/mocov3/resnet50/train/luad/luad_184.csv,1
/gpfsscratch/rech/rnz/uyc98hc/datasets/tcga/mocov3/resnet50/train/luad/luad_185.csv,1
/gpfsscratch/rech/rnz/uyc98hc/datasets/tcga/mocov3/resnet50/train/luad/luad_186.csv,1
/gpfsscratch/rech/rnz/uyc98hc/datasets/tcga/mocov3/resnet50/train/luad/luad_187.csv,1
/gpfsscratch/rech/rnz/uyc98hc/datasets/tcga/mocov3/resnet50/train/luad/luad_191.csv,1
/gpfsscratch/rech/rnz/uyc98hc/datasets/tcga/mocov3/resnet50/train/luad/luad_193.csv,1
/gpfsscratch/rech/rnz/uyc98hc/datasets/tcga/mocov3/resnet50/train/luad/luad_194.csv,1
/gpfsscratch/rech/rnz/uyc98hc/datasets/tcga/mocov3/resnet50/train/luad/luad_196.csv,1
/gpfsscratch/rech/rnz/uyc98hc/datasets/tcga/mocov3/resnet50/train/luad/luad_198.csv,1
/gpfsscratch/rech/rnz/uyc98hc/datasets/tcga/mocov3/resnet50/train/luad/luad_199.csv,1
/gpfsscratch/rech/rnz/uyc98hc/datasets/tcga/mocov3/resnet50/train/luad/luad_200.csv,1
/gpfsscratch/rech/rnz/uyc98hc/datasets/tcga/mocov3/resnet50/train/luad/luad_202.csv,1
/gpfsscratch/rech/rnz/uyc98hc/datasets/tcga/mocov3/resnet50/train/luad/luad_205.csv,1
/gpfsscratch/rech/rnz/uyc98hc/datasets/tcga/mocov3/resnet50/train/luad/luad_207.csv,1
/gpfsscratch/rech/rnz/uyc98hc/datasets/tcga/mocov3/resnet50/train/luad/luad_208.csv,1
/gpfsscratch/rech/rnz/uyc98hc/datasets/tcga/mocov3/resnet50/train/luad/luad_209.csv,1
/gpfsscratch/rech/rnz/uyc98hc/datasets/tcga/mocov3/resnet50/train/luad/luad_211.csv,1
/gpfsscratch/rech/rnz/uyc98hc/datasets/tcga/mocov3/resnet50/train/luad/luad_212.csv,1
/gpfsscratch/rech/rnz/uyc98hc/datasets/tcga/mocov3/resnet50/train/luad/luad_213.csv,1
/gpfsscratch/rech/rnz/uyc98hc/datasets/tcga/mocov3/resnet50/train/luad/luad_214.csv,1
/gpfsscratch/rech/rnz/uyc98hc/datasets/tcga/mocov3/resnet50/train/luad/luad_216.csv,1
/gpfsscratch/rech/rnz/uyc98hc/datasets/tcga/mocov3/resnet50/train/luad/luad_217.csv,1
/gpfsscratch/rech/rnz/uyc98hc/datasets/tcga/mocov3/resnet50/train/luad/luad_219.csv,1
/gpfsscratch/rech/rnz/uyc98hc/datasets/tcga/mocov3/resnet50/train/luad/luad_220.csv,1
/gpfsscratch/rech/rnz/uyc98hc/datasets/tcga/mocov3/resnet50/train/luad/luad_222.csv,1
/gpfsscratch/rech/rnz/uyc98hc/datasets/tcga/mocov3/resnet50/train/luad/luad_223.csv,1
/gpfsscratch/rech/rnz/uyc98hc/datasets/tcga/mocov3/resnet50/train/luad/luad_224.csv,1
/gpfsscratch/rech/rnz/uyc98hc/datasets/tcga/mocov3/resnet50/train/luad/luad_226.csv,1
/gpfsscratch/rech/rnz/uyc98hc/datasets/tcga/mocov3/resnet50/train/luad/luad_230.csv,1
/gpfsscratch/rech/rnz/uyc98hc/datasets/tcga/mocov3/resnet50/train/luad/luad_231.csv,1
/gpfsscratch/rech/rnz/uyc98hc/datasets/tcga/mocov3/resnet50/train/luad/luad_233.csv,1
/gpfsscratch/rech/rnz/uyc98hc/datasets/tcga/mocov3/resnet50/train/luad/luad_234.csv,1
/gpfsscratch/rech/rnz/uyc98hc/datasets/tcga/mocov3/resnet50/train/luad/luad_236.csv,1
/gpfsscratch/rech/rnz/uyc98hc/datasets/tcga/mocov3/resnet50/train/luad/luad_237.csv,1
/gpfsscratch/rech/rnz/uyc98hc/datasets/tcga/mocov3/resnet50/train/luad/luad_238.csv,1
/gpfsscratch/rech/rnz/uyc98hc/datasets/tcga/mocov3/resnet50/train/luad/luad_239.csv,1
/gpfsscratch/rech/rnz/uyc98hc/datasets/tcga/mocov3/resnet50/train/luad/luad_240.csv,1
/gpfsscratch/rech/rnz/uyc98hc/datasets/tcga/mocov3/resnet50/train/luad/luad_243.csv,1
/gpfsscratch/rech/rnz/uyc98hc/datasets/tcga/mocov3/resnet50/train/luad/luad_246.csv,1
/gpfsscratch/rech/rnz/uyc98hc/datasets/tcga/mocov3/resnet50/train/luad/luad_247.csv,1
/gpfsscratch/rech/rnz/uyc98hc/datasets/tcga/mocov3/resnet50/train/luad/luad_248.csv,1
/gpfsscratch/rech/rnz/uyc98hc/datasets/tcga/mocov3/resnet50/train/luad/luad_249.csv,1
/gpfsscratch/rech/rnz/uyc98hc/datasets/tcga/mocov3/resnet50/train/luad/luad_251.csv,1
/gpfsscratch/rech/rnz/uyc98hc/datasets/tcga/mocov3/resnet50/train/luad/luad_253.csv,1
/gpfsscratch/rech/rnz/uyc98hc/datasets/tcga/mocov3/resnet50/train/luad/luad_258.csv,1
/gpfsscratch/rech/rnz/uyc98hc/datasets/tcga/mocov3/resnet50/train/luad/luad_260.csv,1
/gpfsscratch/rech/rnz/uyc98hc/datasets/tcga/mocov3/resnet50/train/luad/luad_261.csv,1
/gpfsscratch/rech/rnz/uyc98hc/datasets/tcga/mocov3/resnet50/train/luad/luad_262.csv,1
/gpfsscratch/rech/rnz/uyc98hc/datasets/tcga/mocov3/resnet50/train/luad/luad_263.csv,1
/gpfsscratch/rech/rnz/uyc98hc/datasets/tcga/mocov3/resnet50/train/luad/luad_264.csv,1
/gpfsscratch/rech/rnz/uyc98hc/datasets/tcga/mocov3/resnet50/train/luad/luad_265.csv,1
/gpfsscratch/rech/rnz/uyc98hc/datasets/tcga/mocov3/resnet50/train/luad/luad_266.csv,1
/gpfsscratch/rech/rnz/uyc98hc/datasets/tcga/mocov3/resnet50/train/luad/luad_268.csv,1
/gpfsscratch/rech/rnz/uyc98hc/datasets/tcga/mocov3/resnet50/train/luad/luad_269.csv,1
/gpfsscratch/rech/rnz/uyc98hc/datasets/tcga/mocov3/resnet50/train/luad/luad_270.csv,1
/gpfsscratch/rech/rnz/uyc98hc/datasets/tcga/mocov3/resnet50/train/luad/luad_272.csv,1
/gpfsscratch/rech/rnz/uyc98hc/datasets/tcga/mocov3/resnet50/train/luad/luad_274.csv,1
/gpfsscratch/rech/rnz/uyc98hc/datasets/tcga/mocov3/resnet50/train/luad/luad_275.csv,1
/gpfsscratch/rech/rnz/uyc98hc/datasets/tcga/mocov3/resnet50/train/luad/luad_277.csv,1
/gpfsscratch/rech/rnz/uyc98hc/datasets/tcga/mocov3/resnet50/train/luad/luad_278.csv,1
/gpfsscratch/rech/rnz/uyc98hc/datasets/tcga/mocov3/resnet50/train/luad/luad_279.csv,1
/gpfsscratch/rech/rnz/uyc98hc/datasets/tcga/mocov3/resnet50/train/luad/luad_280.csv,1
/gpfsscratch/rech/rnz/uyc98hc/datasets/tcga/mocov3/resnet50/train/luad/luad_281.csv,1
/gpfsscratch/rech/rnz/uyc98hc/datasets/tcga/mocov3/resnet50/train/luad/luad_283.csv,1
/gpfsscratch/rech/rnz/uyc98hc/datasets/tcga/mocov3/resnet50/train/luad/luad_284.csv,1
/gpfsscratch/rech/rnz/uyc98hc/datasets/tcga/mocov3/resnet50/train/luad/luad_285.csv,1
/gpfsscratch/rech/rnz/uyc98hc/datasets/tcga/mocov3/resnet50/train/luad/luad_286.csv,1
/gpfsscratch/rech/rnz/uyc98hc/datasets/tcga/mocov3/resnet50/train/luad/luad_287.csv,1
/gpfsscratch/rech/rnz/uyc98hc/datasets/tcga/mocov3/resnet50/train/luad/luad_288.csv,1
/gpfsscratch/rech/rnz/uyc98hc/datasets/tcga/mocov3/resnet50/train/luad/luad_289.csv,1
/gpfsscratch/rech/rnz/uyc98hc/datasets/tcga/mocov3/resnet50/train/luad/luad_292.csv,1
/gpfsscratch/rech/rnz/uyc98hc/datasets/tcga/mocov3/resnet50/train/luad/luad_293.csv,1
/gpfsscratch/rech/rnz/uyc98hc/datasets/tcga/mocov3/resnet50/train/luad/luad_295.csv,1
/gpfsscratch/rech/rnz/uyc98hc/datasets/tcga/mocov3/resnet50/train/luad/luad_296.csv,1
/gpfsscratch/rech/rnz/uyc98hc/datasets/tcga/mocov3/resnet50/train/luad/luad_297.csv,1
/gpfsscratch/rech/rnz/uyc98hc/datasets/tcga/mocov3/resnet50/train/luad/luad_298.csv,1
/gpfsscratch/rech/rnz/uyc98hc/datasets/tcga/mocov3/resnet50/train/luad/luad_300.csv,1
/gpfsscratch/rech/rnz/uyc98hc/datasets/tcga/mocov3/resnet50/train/luad/luad_302.csv,1
/gpfsscratch/rech/rnz/uyc98hc/datasets/tcga/mocov3/resnet50/train/luad/luad_303.csv,1
/gpfsscratch/rech/rnz/uyc98hc/datasets/tcga/mocov3/resnet50/train/luad/luad_304.csv,1
/gpfsscratch/rech/rnz/uyc98hc/datasets/tcga/mocov3/resnet50/train/luad/luad_306.csv,1
/gpfsscratch/rech/rnz/uyc98hc/datasets/tcga/mocov3/resnet50/train/luad/luad_307.csv,1
/gpfsscratch/rech/rnz/uyc98hc/datasets/tcga/mocov3/resnet50/train/luad/luad_308.csv,1
/gpfsscratch/rech/rnz/uyc98hc/datasets/tcga/mocov3/resnet50/train/luad/luad_309.csv,1
/gpfsscratch/rech/rnz/uyc98hc/datasets/tcga/mocov3/resnet50/train/luad/luad_310.csv,1
/gpfsscratch/rech/rnz/uyc98hc/datasets/tcga/mocov3/resnet50/train/luad/luad_311.csv,1
/gpfsscratch/rech/rnz/uyc98hc/datasets/tcga/mocov3/resnet50/train/luad/luad_312.csv,1
/gpfsscratch/rech/rnz/uyc98hc/datasets/tcga/mocov3/resnet50/train/luad/luad_313.csv,1
/gpfsscratch/rech/rnz/uyc98hc/datasets/tcga/mocov3/resnet50/train/luad/luad_314.csv,1
/gpfsscratch/rech/rnz/uyc98hc/datasets/tcga/mocov3/resnet50/train/luad/luad_316.csv,1
/gpfsscratch/rech/rnz/uyc98hc/datasets/tcga/mocov3/resnet50/train/luad/luad_317.csv,1
/gpfsscratch/rech/rnz/uyc98hc/datasets/tcga/mocov3/resnet50/train/luad/luad_318.csv,1
/gpfsscratch/rech/rnz/uyc98hc/datasets/tcga/mocov3/resnet50/train/luad/luad_320.csv,1
/gpfsscratch/rech/rnz/uyc98hc/datasets/tcga/mocov3/resnet50/train/luad/luad_321.csv,1
/gpfsscratch/rech/rnz/uyc98hc/datasets/tcga/mocov3/resnet50/train/luad/luad_322.csv,1
/gpfsscratch/rech/rnz/uyc98hc/datasets/tcga/mocov3/resnet50/train/luad/luad_323.csv,1
/gpfsscratch/rech/rnz/uyc98hc/datasets/tcga/mocov3/resnet50/train/luad/luad_324.csv,1
/gpfsscratch/rech/rnz/uyc98hc/datasets/tcga/mocov3/resnet50/train/luad/luad_325.csv,1
/gpfsscratch/rech/rnz/uyc98hc/datasets/tcga/mocov3/resnet50/train/luad/luad_326.csv,1
/gpfsscratch/rech/rnz/uyc98hc/datasets/tcga/mocov3/resnet50/train/luad/luad_327.csv,1
/gpfsscratch/rech/rnz/uyc98hc/datasets/tcga/mocov3/resnet50/train/luad/luad_328.csv,1
/gpfsscratch/rech/rnz/uyc98hc/datasets/tcga/mocov3/resnet50/train/luad/luad_330.csv,1
/gpfsscratch/rech/rnz/uyc98hc/datasets/tcga/mocov3/resnet50/train/luad/luad_332.csv,1
/gpfsscratch/rech/rnz/uyc98hc/datasets/tcga/mocov3/resnet50/train/luad/luad_334.csv,1
/gpfsscratch/rech/rnz/uyc98hc/datasets/tcga/mocov3/resnet50/train/luad/luad_335.csv,1
/gpfsscratch/rech/rnz/uyc98hc/datasets/tcga/mocov3/resnet50/train/luad/luad_336.csv,1
/gpfsscratch/rech/rnz/uyc98hc/datasets/tcga/mocov3/resnet50/train/luad/luad_337.csv,1
/gpfsscratch/rech/rnz/uyc98hc/datasets/tcga/mocov3/resnet50/train/luad/luad_340.csv,1
/gpfsscratch/rech/rnz/uyc98hc/datasets/tcga/mocov3/resnet50/train/luad/luad_341.csv,1
/gpfsscratch/rech/rnz/uyc98hc/datasets/tcga/mocov3/resnet50/train/luad/luad_345.csv,1
/gpfsscratch/rech/rnz/uyc98hc/datasets/tcga/mocov3/resnet50/train/luad/luad_347.csv,1
/gpfsscratch/rech/rnz/uyc98hc/datasets/tcga/mocov3/resnet50/train/luad/luad_348.csv,1
/gpfsscratch/rech/rnz/uyc98hc/datasets/tcga/mocov3/resnet50/train/luad/luad_350.csv,1
/gpfsscratch/rech/rnz/uyc98hc/datasets/tcga/mocov3/resnet50/train/luad/luad_354.csv,1
/gpfsscratch/rech/rnz/uyc98hc/datasets/tcga/mocov3/resnet50/train/luad/luad_356.csv,1
/gpfsscratch/rech/rnz/uyc98hc/datasets/tcga/mocov3/resnet50/train/luad/luad_358.csv,1
/gpfsscratch/rech/rnz/uyc98hc/datasets/tcga/mocov3/resnet50/train/luad/luad_359.csv,1
/gpfsscratch/rech/rnz/uyc98hc/datasets/tcga/mocov3/resnet50/train/luad/luad_360.csv,1
/gpfsscratch/rech/rnz/uyc98hc/datasets/tcga/mocov3/resnet50/train/luad/luad_361.csv,1
/gpfsscratch/rech/rnz/uyc98hc/datasets/tcga/mocov3/resnet50/train/luad/luad_362.csv,1
/gpfsscratch/rech/rnz/uyc98hc/datasets/tcga/mocov3/resnet50/train/luad/luad_365.csv,1
/gpfsscratch/rech/rnz/uyc98hc/datasets/tcga/mocov3/resnet50/train/luad/luad_368.csv,1
/gpfsscratch/rech/rnz/uyc98hc/datasets/tcga/mocov3/resnet50/train/luad/luad_369.csv,1
/gpfsscratch/rech/rnz/uyc98hc/datasets/tcga/mocov3/resnet50/train/luad/luad_371.csv,1
/gpfsscratch/rech/rnz/uyc98hc/datasets/tcga/mocov3/resnet50/train/luad/luad_372.csv,1
/gpfsscratch/rech/rnz/uyc98hc/datasets/tcga/mocov3/resnet50/train/luad/luad_373.csv,1
/gpfsscratch/rech/rnz/uyc98hc/datasets/tcga/mocov3/resnet50/train/luad/luad_374.csv,1
/gpfsscratch/rech/rnz/uyc98hc/datasets/tcga/mocov3/resnet50/train/luad/luad_375.csv,1
/gpfsscratch/rech/rnz/uyc98hc/datasets/tcga/mocov3/resnet50/train/luad/luad_376.csv,1
/gpfsscratch/rech/rnz/uyc98hc/datasets/tcga/mocov3/resnet50/train/luad/luad_378.csv,1
/gpfsscratch/rech/rnz/uyc98hc/datasets/tcga/mocov3/resnet50/train/luad/luad_380.csv,1
/gpfsscratch/rech/rnz/uyc98hc/datasets/tcga/mocov3/resnet50/train/luad/luad_381.csv,1
/gpfsscratch/rech/rnz/uyc98hc/datasets/tcga/mocov3/resnet50/train/luad/luad_382.csv,1
/gpfsscratch/rech/rnz/uyc98hc/datasets/tcga/mocov3/resnet50/train/luad/luad_383.csv,1
/gpfsscratch/rech/rnz/uyc98hc/datasets/tcga/mocov3/resnet50/train/luad/luad_386.csv,1
/gpfsscratch/rech/rnz/uyc98hc/datasets/tcga/mocov3/resnet50/train/luad/luad_387.csv,1
/gpfsscratch/rech/rnz/uyc98hc/datasets/tcga/mocov3/resnet50/train/luad/luad_388.csv,1
/gpfsscratch/rech/rnz/uyc98hc/datasets/tcga/mocov3/resnet50/train/luad/luad_389.csv,1
/gpfsscratch/rech/rnz/uyc98hc/datasets/tcga/mocov3/resnet50/train/luad/luad_390.csv,1
/gpfsscratch/rech/rnz/uyc98hc/datasets/tcga/mocov3/resnet50/train/luad/luad_391.csv,1
/gpfsscratch/rech/rnz/uyc98hc/datasets/tcga/mocov3/resnet50/train/luad/luad_392.csv,1
/gpfsscratch/rech/rnz/uyc98hc/datasets/tcga/mocov3/resnet50/train/luad/luad_393.csv,1
/gpfsscratch/rech/rnz/uyc98hc/datasets/tcga/mocov3/resnet50/train/luad/luad_394.csv,1
/gpfsscratch/rech/rnz/uyc98hc/datasets/tcga/mocov3/resnet50/train/luad/luad_396.csv,1
/gpfsscratch/rech/rnz/uyc98hc/datasets/tcga/mocov3/resnet50/train/luad/luad_397.csv,1
/gpfsscratch/rech/rnz/uyc98hc/datasets/tcga/mocov3/resnet50/train/luad/luad_399.csv,1
/gpfsscratch/rech/rnz/uyc98hc/datasets/tcga/mocov3/resnet50/train/luad/luad_402.csv,1
/gpfsscratch/rech/rnz/uyc98hc/datasets/tcga/mocov3/resnet50/train/luad/luad_403.csv,1
/gpfsscratch/rech/rnz/uyc98hc/datasets/tcga/mocov3/resnet50/train/luad/luad_404.csv,1
/gpfsscratch/rech/rnz/uyc98hc/datasets/tcga/mocov3/resnet50/train/luad/luad_405.csv,1
/gpfsscratch/rech/rnz/uyc98hc/datasets/tcga/mocov3/resnet50/train/luad/luad_408.csv,1
/gpfsscratch/rech/rnz/uyc98hc/datasets/tcga/mocov3/resnet50/train/luad/luad_409.csv,1
/gpfsscratch/rech/rnz/uyc98hc/datasets/tcga/mocov3/resnet50/train/luad/luad_411.csv,1
/gpfsscratch/rech/rnz/uyc98hc/datasets/tcga/mocov3/resnet50/train/luad/luad_412.csv,1
/gpfsscratch/rech/rnz/uyc98hc/datasets/tcga/mocov3/resnet50/train/luad/luad_413.csv,1
/gpfsscratch/rech/rnz/uyc98hc/datasets/tcga/mocov3/resnet50/train/luad/luad_414.csv,1
/gpfsscratch/rech/rnz/uyc98hc/datasets/tcga/mocov3/resnet50/train/luad/luad_416.csv,1
/gpfsscratch/rech/rnz/uyc98hc/datasets/tcga/mocov3/resnet50/train/luad/luad_419.csv,1
/gpfsscratch/rech/rnz/uyc98hc/datasets/tcga/mocov3/resnet50/train/luad/luad_420.csv,1
/gpfsscratch/rech/rnz/uyc98hc/datasets/tcga/mocov3/resnet50/train/luad/luad_421.csv,1
/gpfsscratch/rech/rnz/uyc98hc/datasets/tcga/mocov3/resnet50/train/luad/luad_422.csv,1
/gpfsscratch/rech/rnz/uyc98hc/datasets/tcga/mocov3/resnet50/train/luad/luad_423.csv,1
/gpfsscratch/rech/rnz/uyc98hc/datasets/tcga/mocov3/resnet50/train/luad/luad_426.csv,1
/gpfsscratch/rech/rnz/uyc98hc/datasets/tcga/mocov3/resnet50/train/luad/luad_428.csv,1
/gpfsscratch/rech/rnz/uyc98hc/datasets/tcga/mocov3/resnet50/train/luad/luad_433.csv,1
/gpfsscratch/rech/rnz/uyc98hc/datasets/tcga/mocov3/resnet50/train/luad/luad_434.csv,1
/gpfsscratch/rech/rnz/uyc98hc/datasets/tcga/mocov3/resnet50/train/luad/luad_435.csv,1
/gpfsscratch/rech/rnz/uyc98hc/datasets/tcga/mocov3/resnet50/train/luad/luad_436.csv,1
/gpfsscratch/rech/rnz/uyc98hc/datasets/tcga/mocov3/resnet50/train/luad/luad_437.csv,1
/gpfsscratch/rech/rnz/uyc98hc/datasets/tcga/mocov3/resnet50/train/luad/luad_439.csv,1
/gpfsscratch/rech/rnz/uyc98hc/datasets/tcga/mocov3/resnet50/train/luad/luad_440.csv,1
/gpfsscratch/rech/rnz/uyc98hc/datasets/tcga/mocov3/resnet50/train/luad/luad_441.csv,1
/gpfsscratch/rech/rnz/uyc98hc/datasets/tcga/mocov3/resnet50/train/luad/luad_442.csv,1
/gpfsscratch/rech/rnz/uyc98hc/datasets/tcga/mocov3/resnet50/train/luad/luad_445.csv,1
/gpfsscratch/rech/rnz/uyc98hc/datasets/tcga/mocov3/resnet50/train/luad/luad_448.csv,1
/gpfsscratch/rech/rnz/uyc98hc/datasets/tcga/mocov3/resnet50/train/luad/luad_449.csv,1
/gpfsscratch/rech/rnz/uyc98hc/datasets/tcga/mocov3/resnet50/train/luad/luad_450.csv,1
/gpfsscratch/rech/rnz/uyc98hc/datasets/tcga/mocov3/resnet50/train/luad/luad_451.csv,1
/gpfsscratch/rech/rnz/uyc98hc/datasets/tcga/mocov3/resnet50/train/luad/luad_454.csv,1
/gpfsscratch/rech/rnz/uyc98hc/datasets/tcga/mocov3/resnet50/train/luad/luad_455.csv,1
/gpfsscratch/rech/rnz/uyc98hc/datasets/tcga/mocov3/resnet50/train/luad/luad_456.csv,1
/gpfsscratch/rech/rnz/uyc98hc/datasets/tcga/mocov3/resnet50/train/luad/luad_459.csv,1
/gpfsscratch/rech/rnz/uyc98hc/datasets/tcga/mocov3/resnet50/train/luad/luad_460.csv,1
/gpfsscratch/rech/rnz/uyc98hc/datasets/tcga/mocov3/resnet50/train/luad/luad_463.csv,1
/gpfsscratch/rech/rnz/uyc98hc/datasets/tcga/mocov3/resnet50/train/luad/luad_464.csv,1
/gpfsscratch/rech/rnz/uyc98hc/datasets/tcga/mocov3/resnet50/train/luad/luad_465.csv,1
/gpfsscratch/rech/rnz/uyc98hc/datasets/tcga/mocov3/resnet50/train/luad/luad_467.csv,1
/gpfsscratch/rech/rnz/uyc98hc/datasets/tcga/mocov3/resnet50/train/luad/luad_468.csv,1
/gpfsscratch/rech/rnz/uyc98hc/datasets/tcga/mocov3/resnet50/train/luad/luad_469.csv,1
/gpfsscratch/rech/rnz/uyc98hc/datasets/tcga/mocov3/resnet50/train/luad/luad_470.csv,1
/gpfsscratch/rech/rnz/uyc98hc/datasets/tcga/mocov3/resnet50/train/luad/luad_471.csv,1
/gpfsscratch/rech/rnz/uyc98hc/datasets/tcga/mocov3/resnet50/train/luad/luad_472.csv,1
/gpfsscratch/rech/rnz/uyc98hc/datasets/tcga/mocov3/resnet50/train/luad/luad_473.csv,1
/gpfsscratch/rech/rnz/uyc98hc/datasets/tcga/mocov3/resnet50/train/luad/luad_474.csv,1
/gpfsscratch/rech/rnz/uyc98hc/datasets/tcga/mocov3/resnet50/train/luad/luad_475.csv,1
/gpfsscratch/rech/rnz/uyc98hc/datasets/tcga/mocov3/resnet50/train/luad/luad_476.csv,1
/gpfsscratch/rech/rnz/uyc98hc/datasets/tcga/mocov3/resnet50/train/luad/luad_477.csv,1
/gpfsscratch/rech/rnz/uyc98hc/datasets/tcga/mocov3/resnet50/train/luad/luad_478.csv,1
/gpfsscratch/rech/rnz/uyc98hc/datasets/tcga/mocov3/resnet50/train/luad/luad_481.csv,1
/gpfsscratch/rech/rnz/uyc98hc/datasets/tcga/mocov3/resnet50/train/luad/luad_482.csv,1
/gpfsscratch/rech/rnz/uyc98hc/datasets/tcga/mocov3/resnet50/train/luad/luad_483.csv,1
/gpfsscratch/rech/rnz/uyc98hc/datasets/tcga/mocov3/resnet50/train/luad/luad_486.csv,1
/gpfsscratch/rech/rnz/uyc98hc/datasets/tcga/mocov3/resnet50/train/luad/luad_487.csv,1
/gpfsscratch/rech/rnz/uyc98hc/datasets/tcga/mocov3/resnet50/train/luad/luad_488.csv,1
/gpfsscratch/rech/rnz/uyc98hc/datasets/tcga/mocov3/resnet50/train/luad/luad_490.csv,1
/gpfsscratch/rech/rnz/uyc98hc/datasets/tcga/mocov3/resnet50/train/luad/luad_491.csv,1
/gpfsscratch/rech/rnz/uyc98hc/datasets/tcga/mocov3/resnet50/train/luad/luad_496.csv,1
/gpfsscratch/rech/rnz/uyc98hc/datasets/tcga/mocov3/resnet50/train/luad/luad_499.csv,1
/gpfsscratch/rech/rnz/uyc98hc/datasets/tcga/mocov3/resnet50/train/luad/luad_501.csv,1
/gpfsscratch/rech/rnz/uyc98hc/datasets/tcga/mocov3/resnet50/train/luad/luad_504.csv,1
/gpfsscratch/rech/rnz/uyc98hc/datasets/tcga/mocov3/resnet50/train/luad/luad_508.csv,1
/gpfsscratch/rech/rnz/uyc98hc/datasets/tcga/mocov3/resnet50/train/luad/luad_509.csv,1
/gpfsscratch/rech/rnz/uyc98hc/datasets/tcga/mocov3/resnet50/train/luad/luad_511.csv,1
/gpfsscratch/rech/rnz/uyc98hc/datasets/tcga/mocov3/resnet50/train/luad/luad_512.csv,1
/gpfsscratch/rech/rnz/uyc98hc/datasets/tcga/mocov3/resnet50/train/luad/luad_515.csv,1
/gpfsscratch/rech/rnz/uyc98hc/datasets/tcga/mocov3/resnet50/train/lusc/lusc_002.csv,0
/gpfsscratch/rech/rnz/uyc98hc/datasets/tcga/mocov3/resnet50/train/lusc/lusc_003.csv,0
/gpfsscratch/rech/rnz/uyc98hc/datasets/tcga/mocov3/resnet50/train/lusc/lusc_004.csv,0
/gpfsscratch/rech/rnz/uyc98hc/datasets/tcga/mocov3/resnet50/train/lusc/lusc_006.csv,0
/gpfsscratch/rech/rnz/uyc98hc/datasets/tcga/mocov3/resnet50/train/lusc/lusc_007.csv,0
/gpfsscratch/rech/rnz/uyc98hc/datasets/tcga/mocov3/resnet50/train/lusc/lusc_008.csv,0
/gpfsscratch/rech/rnz/uyc98hc/datasets/tcga/mocov3/resnet50/train/lusc/lusc_011.csv,0
/gpfsscratch/rech/rnz/uyc98hc/datasets/tcga/mocov3/resnet50/train/lusc/lusc_012.csv,0
/gpfsscratch/rech/rnz/uyc98hc/datasets/tcga/mocov3/resnet50/train/lusc/lusc_013.csv,0
/gpfsscratch/rech/rnz/uyc98hc/datasets/tcga/mocov3/resnet50/train/lusc/lusc_014.csv,0
/gpfsscratch/rech/rnz/uyc98hc/datasets/tcga/mocov3/resnet50/train/lusc/lusc_017.csv,0
/gpfsscratch/rech/rnz/uyc98hc/datasets/tcga/mocov3/resnet50/train/lusc/lusc_018.csv,0
/gpfsscratch/rech/rnz/uyc98hc/datasets/tcga/mocov3/resnet50/train/lusc/lusc_019.csv,0
/gpfsscratch/rech/rnz/uyc98hc/datasets/tcga/mocov3/resnet50/train/lusc/lusc_021.csv,0
/gpfsscratch/rech/rnz/uyc98hc/datasets/tcga/mocov3/resnet50/train/lusc/lusc_022.csv,0
/gpfsscratch/rech/rnz/uyc98hc/datasets/tcga/mocov3/resnet50/train/lusc/lusc_023.csv,0
/gpfsscratch/rech/rnz/uyc98hc/datasets/tcga/mocov3/resnet50/train/lusc/lusc_024.csv,0
/gpfsscratch/rech/rnz/uyc98hc/datasets/tcga/mocov3/resnet50/train/lusc/lusc_027.csv,0
/gpfsscratch/rech/rnz/uyc98hc/datasets/tcga/mocov3/resnet50/train/lusc/lusc_028.csv,0
/gpfsscratch/rech/rnz/uyc98hc/datasets/tcga/mocov3/resnet50/train/lusc/lusc_030.csv,0
/gpfsscratch/rech/rnz/uyc98hc/datasets/tcga/mocov3/resnet50/train/lusc/lusc_032.csv,0
/gpfsscratch/rech/rnz/uyc98hc/datasets/tcga/mocov3/resnet50/train/lusc/lusc_033.csv,0
/gpfsscratch/rech/rnz/uyc98hc/datasets/tcga/mocov3/resnet50/train/lusc/lusc_034.csv,0
/gpfsscratch/rech/rnz/uyc98hc/datasets/tcga/mocov3/resnet50/train/lusc/lusc_035.csv,0
/gpfsscratch/rech/rnz/uyc98hc/datasets/tcga/mocov3/resnet50/train/lusc/lusc_037.csv,0
/gpfsscratch/rech/rnz/uyc98hc/datasets/tcga/mocov3/resnet50/train/lusc/lusc_038.csv,0
/gpfsscratch/rech/rnz/uyc98hc/datasets/tcga/mocov3/resnet50/train/lusc/lusc_039.csv,0
/gpfsscratch/rech/rnz/uyc98hc/datasets/tcga/mocov3/resnet50/train/lusc/lusc_040.csv,0
/gpfsscratch/rech/rnz/uyc98hc/datasets/tcga/mocov3/resnet50/train/lusc/lusc_043.csv,0
/gpfsscratch/rech/rnz/uyc98hc/datasets/tcga/mocov3/resnet50/train/lusc/lusc_047.csv,0
/gpfsscratch/rech/rnz/uyc98hc/datasets/tcga/mocov3/resnet50/train/lusc/lusc_048.csv,0
/gpfsscratch/rech/rnz/uyc98hc/datasets/tcga/mocov3/resnet50/train/lusc/lusc_049.csv,0
/gpfsscratch/rech/rnz/uyc98hc/datasets/tcga/mocov3/resnet50/train/lusc/lusc_050.csv,0
/gpfsscratch/rech/rnz/uyc98hc/datasets/tcga/mocov3/resnet50/train/lusc/lusc_051.csv,0
/gpfsscratch/rech/rnz/uyc98hc/datasets/tcga/mocov3/resnet50/train/lusc/lusc_052.csv,0
/gpfsscratch/rech/rnz/uyc98hc/datasets/tcga/mocov3/resnet50/train/lusc/lusc_054.csv,0
/gpfsscratch/rech/rnz/uyc98hc/datasets/tcga/mocov3/resnet50/train/lusc/lusc_057.csv,0
/gpfsscratch/rech/rnz/uyc98hc/datasets/tcga/mocov3/resnet50/train/lusc/lusc_059.csv,0
/gpfsscratch/rech/rnz/uyc98hc/datasets/tcga/mocov3/resnet50/train/lusc/lusc_062.csv,0
/gpfsscratch/rech/rnz/uyc98hc/datasets/tcga/mocov3/resnet50/train/lusc/lusc_065.csv,0
/gpfsscratch/rech/rnz/uyc98hc/datasets/tcga/mocov3/resnet50/train/lusc/lusc_066.csv,0
/gpfsscratch/rech/rnz/uyc98hc/datasets/tcga/mocov3/resnet50/train/lusc/lusc_067.csv,0
/gpfsscratch/rech/rnz/uyc98hc/datasets/tcga/mocov3/resnet50/train/lusc/lusc_069.csv,0
/gpfsscratch/rech/rnz/uyc98hc/datasets/tcga/mocov3/resnet50/train/lusc/lusc_071.csv,0
/gpfsscratch/rech/rnz/uyc98hc/datasets/tcga/mocov3/resnet50/train/lusc/lusc_072.csv,0
/gpfsscratch/rech/rnz/uyc98hc/datasets/tcga/mocov3/resnet50/train/lusc/lusc_073.csv,0
/gpfsscratch/rech/rnz/uyc98hc/datasets/tcga/mocov3/resnet50/train/lusc/lusc_074.csv,0
/gpfsscratch/rech/rnz/uyc98hc/datasets/tcga/mocov3/resnet50/train/lusc/lusc_076.csv,0
/gpfsscratch/rech/rnz/uyc98hc/datasets/tcga/mocov3/resnet50/train/lusc/lusc_077.csv,0
/gpfsscratch/rech/rnz/uyc98hc/datasets/tcga/mocov3/resnet50/train/lusc/lusc_079.csv,0
/gpfsscratch/rech/rnz/uyc98hc/datasets/tcga/mocov3/resnet50/train/lusc/lusc_080.csv,0
/gpfsscratch/rech/rnz/uyc98hc/datasets/tcga/mocov3/resnet50/train/lusc/lusc_082.csv,0
/gpfsscratch/rech/rnz/uyc98hc/datasets/tcga/mocov3/resnet50/train/lusc/lusc_083.csv,0
/gpfsscratch/rech/rnz/uyc98hc/datasets/tcga/mocov3/resnet50/train/lusc/lusc_084.csv,0
/gpfsscratch/rech/rnz/uyc98hc/datasets/tcga/mocov3/resnet50/train/lusc/lusc_085.csv,0
/gpfsscratch/rech/rnz/uyc98hc/datasets/tcga/mocov3/resnet50/train/lusc/lusc_086.csv,0
/gpfsscratch/rech/rnz/uyc98hc/datasets/tcga/mocov3/resnet50/train/lusc/lusc_088.csv,0
/gpfsscratch/rech/rnz/uyc98hc/datasets/tcga/mocov3/resnet50/train/lusc/lusc_089.csv,0
/gpfsscratch/rech/rnz/uyc98hc/datasets/tcga/mocov3/resnet50/train/lusc/lusc_090.csv,0
/gpfsscratch/rech/rnz/uyc98hc/datasets/tcga/mocov3/resnet50/train/lusc/lusc_092.csv,0
/gpfsscratch/rech/rnz/uyc98hc/datasets/tcga/mocov3/resnet50/train/lusc/lusc_096.csv,0
/gpfsscratch/rech/rnz/uyc98hc/datasets/tcga/mocov3/resnet50/train/lusc/lusc_097.csv,0
/gpfsscratch/rech/rnz/uyc98hc/datasets/tcga/mocov3/resnet50/train/lusc/lusc_098.csv,0
/gpfsscratch/rech/rnz/uyc98hc/datasets/tcga/mocov3/resnet50/train/lusc/lusc_099.csv,0
/gpfsscratch/rech/rnz/uyc98hc/datasets/tcga/mocov3/resnet50/train/lusc/lusc_101.csv,0
/gpfsscratch/rech/rnz/uyc98hc/datasets/tcga/mocov3/resnet50/train/lusc/lusc_103.csv,0
/gpfsscratch/rech/rnz/uyc98hc/datasets/tcga/mocov3/resnet50/train/lusc/lusc_104.csv,0
/gpfsscratch/rech/rnz/uyc98hc/datasets/tcga/mocov3/resnet50/train/lusc/lusc_106.csv,0
/gpfsscratch/rech/rnz/uyc98hc/datasets/tcga/mocov3/resnet50/train/lusc/lusc_107.csv,0
/gpfsscratch/rech/rnz/uyc98hc/datasets/tcga/mocov3/resnet50/train/lusc/lusc_108.csv,0
/gpfsscratch/rech/rnz/uyc98hc/datasets/tcga/mocov3/resnet50/train/lusc/lusc_110.csv,0
/gpfsscratch/rech/rnz/uyc98hc/datasets/tcga/mocov3/resnet50/train/lusc/lusc_111.csv,0
/gpfsscratch/rech/rnz/uyc98hc/datasets/tcga/mocov3/resnet50/train/lusc/lusc_112.csv,0
/gpfsscratch/rech/rnz/uyc98hc/datasets/tcga/mocov3/resnet50/train/lusc/lusc_113.csv,0
/gpfsscratch/rech/rnz/uyc98hc/datasets/tcga/mocov3/resnet50/train/lusc/lusc_116.csv,0
/gpfsscratch/rech/rnz/uyc98hc/datasets/tcga/mocov3/resnet50/train/lusc/lusc_117.csv,0
/gpfsscratch/rech/rnz/uyc98hc/datasets/tcga/mocov3/resnet50/train/lusc/lusc_118.csv,0
/gpfsscratch/rech/rnz/uyc98hc/datasets/tcga/mocov3/resnet50/train/lusc/lusc_119.csv,0
/gpfsscratch/rech/rnz/uyc98hc/datasets/tcga/mocov3/resnet50/train/lusc/lusc_120.csv,0
/gpfsscratch/rech/rnz/uyc98hc/datasets/tcga/mocov3/resnet50/train/lusc/lusc_122.csv,0
/gpfsscratch/rech/rnz/uyc98hc/datasets/tcga/mocov3/resnet50/train/lusc/lusc_123.csv,0
/gpfsscratch/rech/rnz/uyc98hc/datasets/tcga/mocov3/resnet50/train/lusc/lusc_124.csv,0
/gpfsscratch/rech/rnz/uyc98hc/datasets/tcga/mocov3/resnet50/train/lusc/lusc_126.csv,0
/gpfsscratch/rech/rnz/uyc98hc/datasets/tcga/mocov3/resnet50/train/lusc/lusc_129.csv,0
/gpfsscratch/rech/rnz/uyc98hc/datasets/tcga/mocov3/resnet50/train/lusc/lusc_131.csv,0
/gpfsscratch/rech/rnz/uyc98hc/datasets/tcga/mocov3/resnet50/train/lusc/lusc_132.csv,0
/gpfsscratch/rech/rnz/uyc98hc/datasets/tcga/mocov3/resnet50/train/lusc/lusc_133.csv,0
/gpfsscratch/rech/rnz/uyc98hc/datasets/tcga/mocov3/resnet50/train/lusc/lusc_134.csv,0
/gpfsscratch/rech/rnz/uyc98hc/datasets/tcga/mocov3/resnet50/train/lusc/lusc_135.csv,0
/gpfsscratch/rech/rnz/uyc98hc/datasets/tcga/mocov3/resnet50/train/lusc/lusc_136.csv,0
/gpfsscratch/rech/rnz/uyc98hc/datasets/tcga/mocov3/resnet50/train/lusc/lusc_141.csv,0
/gpfsscratch/rech/rnz/uyc98hc/datasets/tcga/mocov3/resnet50/train/lusc/lusc_142.csv,0
/gpfsscratch/rech/rnz/uyc98hc/datasets/tcga/mocov3/resnet50/train/lusc/lusc_145.csv,0
/gpfsscratch/rech/rnz/uyc98hc/datasets/tcga/mocov3/resnet50/train/lusc/lusc_146.csv,0
/gpfsscratch/rech/rnz/uyc98hc/datasets/tcga/mocov3/resnet50/train/lusc/lusc_148.csv,0
/gpfsscratch/rech/rnz/uyc98hc/datasets/tcga/mocov3/resnet50/train/lusc/lusc_149.csv,0
/gpfsscratch/rech/rnz/uyc98hc/datasets/tcga/mocov3/resnet50/train/lusc/lusc_150.csv,0
/gpfsscratch/rech/rnz/uyc98hc/datasets/tcga/mocov3/resnet50/train/lusc/lusc_151.csv,0
/gpfsscratch/rech/rnz/uyc98hc/datasets/tcga/mocov3/resnet50/train/lusc/lusc_152.csv,0
/gpfsscratch/rech/rnz/uyc98hc/datasets/tcga/mocov3/resnet50/train/lusc/lusc_153.csv,0
/gpfsscratch/rech/rnz/uyc98hc/datasets/tcga/mocov3/resnet50/train/lusc/lusc_154.csv,0
/gpfsscratch/rech/rnz/uyc98hc/datasets/tcga/mocov3/resnet50/train/lusc/lusc_155.csv,0
/gpfsscratch/rech/rnz/uyc98hc/datasets/tcga/mocov3/resnet50/train/lusc/lusc_156.csv,0
/gpfsscratch/rech/rnz/uyc98hc/datasets/tcga/mocov3/resnet50/train/lusc/lusc_157.csv,0
/gpfsscratch/rech/rnz/uyc98hc/datasets/tcga/mocov3/resnet50/train/lusc/lusc_162.csv,0
/gpfsscratch/rech/rnz/uyc98hc/datasets/tcga/mocov3/resnet50/train/lusc/lusc_164.csv,0
/gpfsscratch/rech/rnz/uyc98hc/datasets/tcga/mocov3/resnet50/train/lusc/lusc_165.csv,0
/gpfsscratch/rech/rnz/uyc98hc/datasets/tcga/mocov3/resnet50/train/lusc/lusc_166.csv,0
/gpfsscratch/rech/rnz/uyc98hc/datasets/tcga/mocov3/resnet50/train/lusc/lusc_170.csv,0
/gpfsscratch/rech/rnz/uyc98hc/datasets/tcga/mocov3/resnet50/train/lusc/lusc_173.csv,0
/gpfsscratch/rech/rnz/uyc98hc/datasets/tcga/mocov3/resnet50/train/lusc/lusc_174.csv,0
/gpfsscratch/rech/rnz/uyc98hc/datasets/tcga/mocov3/resnet50/train/lusc/lusc_175.csv,0
/gpfsscratch/rech/rnz/uyc98hc/datasets/tcga/mocov3/resnet50/train/lusc/lusc_176.csv,0
/gpfsscratch/rech/rnz/uyc98hc/datasets/tcga/mocov3/resnet50/train/lusc/lusc_178.csv,0
/gpfsscratch/rech/rnz/uyc98hc/datasets/tcga/mocov3/resnet50/train/lusc/lusc_180.csv,0
/gpfsscratch/rech/rnz/uyc98hc/datasets/tcga/mocov3/resnet50/train/lusc/lusc_181.csv,0
/gpfsscratch/rech/rnz/uyc98hc/datasets/tcga/mocov3/resnet50/train/lusc/lusc_183.csv,0
/gpfsscratch/rech/rnz/uyc98hc/datasets/tcga/mocov3/resnet50/train/lusc/lusc_185.csv,0
/gpfsscratch/rech/rnz/uyc98hc/datasets/tcga/mocov3/resnet50/train/lusc/lusc_186.csv,0
/gpfsscratch/rech/rnz/uyc98hc/datasets/tcga/mocov3/resnet50/train/lusc/lusc_187.csv,0
/gpfsscratch/rech/rnz/uyc98hc/datasets/tcga/mocov3/resnet50/train/lusc/lusc_188.csv,0
/gpfsscratch/rech/rnz/uyc98hc/datasets/tcga/mocov3/resnet50/train/lusc/lusc_189.csv,0
/gpfsscratch/rech/rnz/uyc98hc/datasets/tcga/mocov3/resnet50/train/lusc/lusc_191.csv,0
/gpfsscratch/rech/rnz/uyc98hc/datasets/tcga/mocov3/resnet50/train/lusc/lusc_193.csv,0
/gpfsscratch/rech/rnz/uyc98hc/datasets/tcga/mocov3/resnet50/train/lusc/lusc_194.csv,0
/gpfsscratch/rech/rnz/uyc98hc/datasets/tcga/mocov3/resnet50/train/lusc/lusc_196.csv,0
/gpfsscratch/rech/rnz/uyc98hc/datasets/tcga/mocov3/resnet50/train/lusc/lusc_197.csv,0
/gpfsscratch/rech/rnz/uyc98hc/datasets/tcga/mocov3/resnet50/train/lusc/lusc_198.csv,0
/gpfsscratch/rech/rnz/uyc98hc/datasets/tcga/mocov3/resnet50/train/lusc/lusc_199.csv,0
/gpfsscratch/rech/rnz/uyc98hc/datasets/tcga/mocov3/resnet50/train/lusc/lusc_200.csv,0
/gpfsscratch/rech/rnz/uyc98hc/datasets/tcga/mocov3/resnet50/train/lusc/lusc_201.csv,0
/gpfsscratch/rech/rnz/uyc98hc/datasets/tcga/mocov3/resnet50/train/lusc/lusc_202.csv,0
/gpfsscratch/rech/rnz/uyc98hc/datasets/tcga/mocov3/resnet50/train/lusc/lusc_204.csv,0
/gpfsscratch/rech/rnz/uyc98hc/datasets/tcga/mocov3/resnet50/train/lusc/lusc_206.csv,0
/gpfsscratch/rech/rnz/uyc98hc/datasets/tcga/mocov3/resnet50/train/lusc/lusc_207.csv,0
/gpfsscratch/rech/rnz/uyc98hc/datasets/tcga/mocov3/resnet50/train/lusc/lusc_208.csv,0
/gpfsscratch/rech/rnz/uyc98hc/datasets/tcga/mocov3/resnet50/train/lusc/lusc_209.csv,0
/gpfsscratch/rech/rnz/uyc98hc/datasets/tcga/mocov3/resnet50/train/lusc/lusc_211.csv,0
/gpfsscratch/rech/rnz/uyc98hc/datasets/tcga/mocov3/resnet50/train/lusc/lusc_212.csv,0
/gpfsscratch/rech/rnz/uyc98hc/datasets/tcga/mocov3/resnet50/train/lusc/lusc_215.csv,0
/gpfsscratch/rech/rnz/uyc98hc/datasets/tcga/mocov3/resnet50/train/lusc/lusc_216.csv,0
/gpfsscratch/rech/rnz/uyc98hc/datasets/tcga/mocov3/resnet50/train/lusc/lusc_219.csv,0
/gpfsscratch/rech/rnz/uyc98hc/datasets/tcga/mocov3/resnet50/train/lusc/lusc_221.csv,0
/gpfsscratch/rech/rnz/uyc98hc/datasets/tcga/mocov3/resnet50/train/lusc/lusc_223.csv,0
/gpfsscratch/rech/rnz/uyc98hc/datasets/tcga/mocov3/resnet50/train/lusc/lusc_224.csv,0
/gpfsscratch/rech/rnz/uyc98hc/datasets/tcga/mocov3/resnet50/train/lusc/lusc_225.csv,0
/gpfsscratch/rech/rnz/uyc98hc/datasets/tcga/mocov3/resnet50/train/lusc/lusc_228.csv,0
/gpfsscratch/rech/rnz/uyc98hc/datasets/tcga/mocov3/resnet50/train/lusc/lusc_229.csv,0
/gpfsscratch/rech/rnz/uyc98hc/datasets/tcga/mocov3/resnet50/train/lusc/lusc_230.csv,0
/gpfsscratch/rech/rnz/uyc98hc/datasets/tcga/mocov3/resnet50/train/lusc/lusc_232.csv,0
/gpfsscratch/rech/rnz/uyc98hc/datasets/tcga/mocov3/resnet50/train/lusc/lusc_234.csv,0
/gpfsscratch/rech/rnz/uyc98hc/datasets/tcga/mocov3/resnet50/train/lusc/lusc_235.csv,0
/gpfsscratch/rech/rnz/uyc98hc/datasets/tcga/mocov3/resnet50/train/lusc/lusc_237.csv,0
/gpfsscratch/rech/rnz/uyc98hc/datasets/tcga/mocov3/resnet50/train/lusc/lusc_238.csv,0
/gpfsscratch/rech/rnz/uyc98hc/datasets/tcga/mocov3/resnet50/train/lusc/lusc_239.csv,0
/gpfsscratch/rech/rnz/uyc98hc/datasets/tcga/mocov3/resnet50/train/lusc/lusc_240.csv,0
/gpfsscratch/rech/rnz/uyc98hc/datasets/tcga/mocov3/resnet50/train/lusc/lusc_241.csv,0
/gpfsscratch/rech/rnz/uyc98hc/datasets/tcga/mocov3/resnet50/train/lusc/lusc_242.csv,0
/gpfsscratch/rech/rnz/uyc98hc/datasets/tcga/mocov3/resnet50/train/lusc/lusc_243.csv,0
/gpfsscratch/rech/rnz/uyc98hc/datasets/tcga/mocov3/resnet50/train/lusc/lusc_244.csv,0
/gpfsscratch/rech/rnz/uyc98hc/datasets/tcga/mocov3/resnet50/train/lusc/lusc_245.csv,0
/gpfsscratch/rech/rnz/uyc98hc/datasets/tcga/mocov3/resnet50/train/lusc/lusc_246.csv,0
/gpfsscratch/rech/rnz/uyc98hc/datasets/tcga/mocov3/resnet50/train/lusc/lusc_247.csv,0
/gpfsscratch/rech/rnz/uyc98hc/datasets/tcga/mocov3/resnet50/train/lusc/lusc_248.csv,0
/gpfsscratch/rech/rnz/uyc98hc/datasets/tcga/mocov3/resnet50/train/lusc/lusc_250.csv,0
/gpfsscratch/rech/rnz/uyc98hc/datasets/tcga/mocov3/resnet50/train/lusc/lusc_251.csv,0
/gpfsscratch/rech/rnz/uyc98hc/datasets/tcga/mocov3/resnet50/train/lusc/lusc_253.csv,0
/gpfsscratch/rech/rnz/uyc98hc/datasets/tcga/mocov3/resnet50/train/lusc/lusc_254.csv,0
/gpfsscratch/rech/rnz/uyc98hc/datasets/tcga/mocov3/resnet50/train/lusc/lusc_255.csv,0
/gpfsscratch/rech/rnz/uyc98hc/datasets/tcga/mocov3/resnet50/train/lusc/lusc_257.csv,0
/gpfsscratch/rech/rnz/uyc98hc/datasets/tcga/mocov3/resnet50/train/lusc/lusc_258.csv,0
/gpfsscratch/rech/rnz/uyc98hc/datasets/tcga/mocov3/resnet50/train/lusc/lusc_259.csv,0
/gpfsscratch/rech/rnz/uyc98hc/datasets/tcga/mocov3/resnet50/train/lusc/lusc_261.csv,0
/gpfsscratch/rech/rnz/uyc98hc/datasets/tcga/mocov3/resnet50/train/lusc/lusc_262.csv,0
/gpfsscratch/rech/rnz/uyc98hc/datasets/tcga/mocov3/resnet50/train/lusc/lusc_264.csv,0
/gpfsscratch/rech/rnz/uyc98hc/datasets/tcga/mocov3/resnet50/train/lusc/lusc_265.csv,0
/gpfsscratch/rech/rnz/uyc98hc/datasets/tcga/mocov3/resnet50/train/lusc/lusc_270.csv,0
/gpfsscratch/rech/rnz/uyc98hc/datasets/tcga/mocov3/resnet50/train/lusc/lusc_271.csv,0
/gpfsscratch/rech/rnz/uyc98hc/datasets/tcga/mocov3/resnet50/train/lusc/lusc_273.csv,0
/gpfsscratch/rech/rnz/uyc98hc/datasets/tcga/mocov3/resnet50/train/lusc/lusc_274.csv,0
/gpfsscratch/rech/rnz/uyc98hc/datasets/tcga/mocov3/resnet50/train/lusc/lusc_276.csv,0
/gpfsscratch/rech/rnz/uyc98hc/datasets/tcga/mocov3/resnet50/train/lusc/lusc_277.csv,0
/gpfsscratch/rech/rnz/uyc98hc/datasets/tcga/mocov3/resnet50/train/lusc/lusc_278.csv,0
/gpfsscratch/rech/rnz/uyc98hc/datasets/tcga/mocov3/resnet50/train/lusc/lusc_281.csv,0
/gpfsscratch/rech/rnz/uyc98hc/datasets/tcga/mocov3/resnet50/train/lusc/lusc_283.csv,0
/gpfsscratch/rech/rnz/uyc98hc/datasets/tcga/mocov3/resnet50/train/lusc/lusc_284.csv,0
/gpfsscratch/rech/rnz/uyc98hc/datasets/tcga/mocov3/resnet50/train/lusc/lusc_286.csv,0
/gpfsscratch/rech/rnz/uyc98hc/datasets/tcga/mocov3/resnet50/train/lusc/lusc_287.csv,0
/gpfsscratch/rech/rnz/uyc98hc/datasets/tcga/mocov3/resnet50/train/lusc/lusc_289.csv,0
/gpfsscratch/rech/rnz/uyc98hc/datasets/tcga/mocov3/resnet50/train/lusc/lusc_290.csv,0
/gpfsscratch/rech/rnz/uyc98hc/datasets/tcga/mocov3/resnet50/train/lusc/lusc_291.csv,0
/gpfsscratch/rech/rnz/uyc98hc/datasets/tcga/mocov3/resnet50/train/lusc/lusc_293.csv,0
/gpfsscratch/rech/rnz/uyc98hc/datasets/tcga/mocov3/resnet50/train/lusc/lusc_296.csv,0
/gpfsscratch/rech/rnz/uyc98hc/datasets/tcga/mocov3/resnet50/train/lusc/lusc_297.csv,0
/gpfsscratch/rech/rnz/uyc98hc/datasets/tcga/mocov3/resnet50/train/lusc/lusc_298.csv,0
/gpfsscratch/rech/rnz/uyc98hc/datasets/tcga/mocov3/resnet50/train/lusc/lusc_299.csv,0
/gpfsscratch/rech/rnz/uyc98hc/datasets/tcga/mocov3/resnet50/train/lusc/lusc_300.csv,0
/gpfsscratch/rech/rnz/uyc98hc/datasets/tcga/mocov3/resnet50/train/lusc/lusc_301.csv,0
/gpfsscratch/rech/rnz/uyc98hc/datasets/tcga/mocov3/resnet50/train/lusc/lusc_303.csv,0
/gpfsscratch/rech/rnz/uyc98hc/datasets/tcga/mocov3/resnet50/train/lusc/lusc_304.csv,0
/gpfsscratch/rech/rnz/uyc98hc/datasets/tcga/mocov3/resnet50/train/lusc/lusc_305.csv,0
/gpfsscratch/rech/rnz/uyc98hc/datasets/tcga/mocov3/resnet50/train/lusc/lusc_309.csv,0
/gpfsscratch/rech/rnz/uyc98hc/datasets/tcga/mocov3/resnet50/train/lusc/lusc_310.csv,0
/gpfsscratch/rech/rnz/uyc98hc/datasets/tcga/mocov3/resnet50/train/lusc/lusc_311.csv,0
/gpfsscratch/rech/rnz/uyc98hc/datasets/tcga/mocov3/resnet50/train/lusc/lusc_313.csv,0
/gpfsscratch/rech/rnz/uyc98hc/datasets/tcga/mocov3/resnet50/train/lusc/lusc_315.csv,0
/gpfsscratch/rech/rnz/uyc98hc/datasets/tcga/mocov3/resnet50/train/lusc/lusc_316.csv,0
/gpfsscratch/rech/rnz/uyc98hc/datasets/tcga/mocov3/resnet50/train/lusc/lusc_317.csv,0
/gpfsscratch/rech/rnz/uyc98hc/datasets/tcga/mocov3/resnet50/train/lusc/lusc_319.csv,0
/gpfsscratch/rech/rnz/uyc98hc/datasets/tcga/mocov3/resnet50/train/lusc/lusc_321.csv,0
/gpfsscratch/rech/rnz/uyc98hc/datasets/tcga/mocov3/resnet50/train/lusc/lusc_323.csv,0
/gpfsscratch/rech/rnz/uyc98hc/datasets/tcga/mocov3/resnet50/train/lusc/lusc_325.csv,0
/gpfsscratch/rech/rnz/uyc98hc/datasets/tcga/mocov3/resnet50/train/lusc/lusc_327.csv,0
/gpfsscratch/rech/rnz/uyc98hc/datasets/tcga/mocov3/resnet50/train/lusc/lusc_328.csv,0
/gpfsscratch/rech/rnz/uyc98hc/datasets/tcga/mocov3/resnet50/train/lusc/lusc_331.csv,0
/gpfsscratch/rech/rnz/uyc98hc/datasets/tcga/mocov3/resnet50/train/lusc/lusc_332.csv,0
/gpfsscratch/rech/rnz/uyc98hc/datasets/tcga/mocov3/resnet50/train/lusc/lusc_334.csv,0
/gpfsscratch/rech/rnz/uyc98hc/datasets/tcga/mocov3/resnet50/train/lusc/lusc_335.csv,0
/gpfsscratch/rech/rnz/uyc98hc/datasets/tcga/mocov3/resnet50/train/lusc/lusc_336.csv,0
/gpfsscratch/rech/rnz/uyc98hc/datasets/tcga/mocov3/resnet50/train/lusc/lusc_338.csv,0
/gpfsscratch/rech/rnz/uyc98hc/datasets/tcga/mocov3/resnet50/train/lusc/lusc_340.csv,0
/gpfsscratch/rech/rnz/uyc98hc/datasets/tcga/mocov3/resnet50/train/lusc/lusc_341.csv,0
/gpfsscratch/rech/rnz/uyc98hc/datasets/tcga/mocov3/resnet50/train/lusc/lusc_343.csv,0
/gpfsscratch/rech/rnz/uyc98hc/datasets/tcga/mocov3/resnet50/train/lusc/lusc_344.csv,0
/gpfsscratch/rech/rnz/uyc98hc/datasets/tcga/mocov3/resnet50/train/lusc/lusc_345.csv,0
/gpfsscratch/rech/rnz/uyc98hc/datasets/tcga/mocov3/resnet50/train/lusc/lusc_346.csv,0
/gpfsscratch/rech/rnz/uyc98hc/datasets/tcga/mocov3/resnet50/train/lusc/lusc_349.csv,0
/gpfsscratch/rech/rnz/uyc98hc/datasets/tcga/mocov3/resnet50/train/lusc/lusc_350.csv,0
/gpfsscratch/rech/rnz/uyc98hc/datasets/tcga/mocov3/resnet50/train/lusc/lusc_351.csv,0
/gpfsscratch/rech/rnz/uyc98hc/datasets/tcga/mocov3/resnet50/train/lusc/lusc_353.csv,0
/gpfsscratch/rech/rnz/uyc98hc/datasets/tcga/mocov3/resnet50/train/lusc/lusc_354.csv,0
/gpfsscratch/rech/rnz/uyc98hc/datasets/tcga/mocov3/resnet50/train/lusc/lusc_356.csv,0
/gpfsscratch/rech/rnz/uyc98hc/datasets/tcga/mocov3/resnet50/train/lusc/lusc_357.csv,0
/gpfsscratch/rech/rnz/uyc98hc/datasets/tcga/mocov3/resnet50/train/lusc/lusc_358.csv,0
/gpfsscratch/rech/rnz/uyc98hc/datasets/tcga/mocov3/resnet50/train/lusc/lusc_359.csv,0
/gpfsscratch/rech/rnz/uyc98hc/datasets/tcga/mocov3/resnet50/train/lusc/lusc_360.csv,0
/gpfsscratch/rech/rnz/uyc98hc/datasets/tcga/mocov3/resnet50/train/lusc/lusc_361.csv,0
/gpfsscratch/rech/rnz/uyc98hc/datasets/tcga/mocov3/resnet50/train/lusc/lusc_362.csv,0
/gpfsscratch/rech/rnz/uyc98hc/datasets/tcga/mocov3/resnet50/train/lusc/lusc_363.csv,0
/gpfsscratch/rech/rnz/uyc98hc/datasets/tcga/mocov3/resnet50/train/lusc/lusc_364.csv,0
/gpfsscratch/rech/rnz/uyc98hc/datasets/tcga/mocov3/resnet50/train/lusc/lusc_366.csv,0
/gpfsscratch/rech/rnz/uyc98hc/datasets/tcga/mocov3/resnet50/train/lusc/lusc_367.csv,0
/gpfsscratch/rech/rnz/uyc98hc/datasets/tcga/mocov3/resnet50/train/lusc/lusc_368.csv,0
/gpfsscratch/rech/rnz/uyc98hc/datasets/tcga/mocov3/resnet50/train/lusc/lusc_370.csv,0
/gpfsscratch/rech/rnz/uyc98hc/datasets/tcga/mocov3/resnet50/train/lusc/lusc_371.csv,0
/gpfsscratch/rech/rnz/uyc98hc/datasets/tcga/mocov3/resnet50/train/lusc/lusc_373.csv,0
/gpfsscratch/rech/rnz/uyc98hc/datasets/tcga/mocov3/resnet50/train/lusc/lusc_380.csv,0
/gpfsscratch/rech/rnz/uyc98hc/datasets/tcga/mocov3/resnet50/train/lusc/lusc_382.csv,0
/gpfsscratch/rech/rnz/uyc98hc/datasets/tcga/mocov3/resnet50/train/lusc/lusc_383.csv,0
/gpfsscratch/rech/rnz/uyc98hc/datasets/tcga/mocov3/resnet50/train/lusc/lusc_385.csv,0
/gpfsscratch/rech/rnz/uyc98hc/datasets/tcga/mocov3/resnet50/train/lusc/lusc_386.csv,0
/gpfsscratch/rech/rnz/uyc98hc/datasets/tcga/mocov3/resnet50/train/lusc/lusc_387.csv,0
/gpfsscratch/rech/rnz/uyc98hc/datasets/tcga/mocov3/resnet50/train/lusc/lusc_388.csv,0
/gpfsscratch/rech/rnz/uyc98hc/datasets/tcga/mocov3/resnet50/train/lusc/lusc_390.csv,0
/gpfsscratch/rech/rnz/uyc98hc/datasets/tcga/mocov3/resnet50/train/lusc/lusc_392.csv,0
/gpfsscratch/rech/rnz/uyc98hc/datasets/tcga/mocov3/resnet50/train/lusc/lusc_393.csv,0
/gpfsscratch/rech/rnz/uyc98hc/datasets/tcga/mocov3/resnet50/train/lusc/lusc_395.csv,0
/gpfsscratch/rech/rnz/uyc98hc/datasets/tcga/mocov3/resnet50/train/lusc/lusc_396.csv,0
/gpfsscratch/rech/rnz/uyc98hc/datasets/tcga/mocov3/resnet50/train/lusc/lusc_397.csv,0
/gpfsscratch/rech/rnz/uyc98hc/datasets/tcga/mocov3/resnet50/train/lusc/lusc_398.csv,0
/gpfsscratch/rech/rnz/uyc98hc/datasets/tcga/mocov3/resnet50/train/lusc/lusc_401.csv,0
/gpfsscratch/rech/rnz/uyc98hc/datasets/tcga/mocov3/resnet50/train/lusc/lusc_402.csv,0
/gpfsscratch/rech/rnz/uyc98hc/datasets/tcga/mocov3/resnet50/train/lusc/lusc_404.csv,0
/gpfsscratch/rech/rnz/uyc98hc/datasets/tcga/mocov3/resnet50/train/lusc/lusc_405.csv,0
/gpfsscratch/rech/rnz/uyc98hc/datasets/tcga/mocov3/resnet50/train/lusc/lusc_406.csv,0
/gpfsscratch/rech/rnz/uyc98hc/datasets/tcga/mocov3/resnet50/train/lusc/lusc_407.csv,0
/gpfsscratch/rech/rnz/uyc98hc/datasets/tcga/mocov3/resnet50/train/lusc/lusc_409.csv,0
/gpfsscratch/rech/rnz/uyc98hc/datasets/tcga/mocov3/resnet50/train/lusc/lusc_410.csv,0
/gpfsscratch/rech/rnz/uyc98hc/datasets/tcga/mocov3/resnet50/train/lusc/lusc_411.csv,0
/gpfsscratch/rech/rnz/uyc98hc/datasets/tcga/mocov3/resnet50/train/lusc/lusc_413.csv,0
/gpfsscratch/rech/rnz/uyc98hc/datasets/tcga/mocov3/resnet50/train/lusc/lusc_416.csv,0
/gpfsscratch/rech/rnz/uyc98hc/datasets/tcga/mocov3/resnet50/train/lusc/lusc_417.csv,0
/gpfsscratch/rech/rnz/uyc98hc/datasets/tcga/mocov3/resnet50/train/lusc/lusc_418.csv,0
/gpfsscratch/rech/rnz/uyc98hc/datasets/tcga/mocov3/resnet50/train/lusc/lusc_420.csv,0
/gpfsscratch/rech/rnz/uyc98hc/datasets/tcga/mocov3/resnet50/train/lusc/lusc_421.csv,0
/gpfsscratch/rech/rnz/uyc98hc/datasets/tcga/mocov3/resnet50/train/lusc/lusc_423.csv,0
/gpfsscratch/rech/rnz/uyc98hc/datasets/tcga/mocov3/resnet50/train/lusc/lusc_424.csv,0
/gpfsscratch/rech/rnz/uyc98hc/datasets/tcga/mocov3/resnet50/train/lusc/lusc_425.csv,0
/gpfsscratch/rech/rnz/uyc98hc/datasets/tcga/mocov3/resnet50/train/lusc/lusc_427.csv,0
/gpfsscratch/rech/rnz/uyc98hc/datasets/tcga/mocov3/resnet50/train/lusc/lusc_430.csv,0
/gpfsscratch/rech/rnz/uyc98hc/datasets/tcga/mocov3/resnet50/train/lusc/lusc_432.csv,0
/gpfsscratch/rech/rnz/uyc98hc/datasets/tcga/mocov3/resnet50/train/lusc/lusc_433.csv,0
/gpfsscratch/rech/rnz/uyc98hc/datasets/tcga/mocov3/resnet50/train/lusc/lusc_435.csv,0
/gpfsscratch/rech/rnz/uyc98hc/datasets/tcga/mocov3/resnet50/train/lusc/lusc_436.csv,0
/gpfsscratch/rech/rnz/uyc98hc/datasets/tcga/mocov3/resnet50/train/lusc/lusc_437.csv,0
/gpfsscratch/rech/rnz/uyc98hc/datasets/tcga/mocov3/resnet50/train/lusc/lusc_438.csv,0
/gpfsscratch/rech/rnz/uyc98hc/datasets/tcga/mocov3/resnet50/train/lusc/lusc_440.csv,0
/gpfsscratch/rech/rnz/uyc98hc/datasets/tcga/mocov3/resnet50/train/lusc/lusc_441.csv,0
/gpfsscratch/rech/rnz/uyc98hc/datasets/tcga/mocov3/resnet50/train/lusc/lusc_442.csv,0
/gpfsscratch/rech/rnz/uyc98hc/datasets/tcga/mocov3/resnet50/train/lusc/lusc_443.csv,0
/gpfsscratch/rech/rnz/uyc98hc/datasets/tcga/mocov3/resnet50/train/lusc/lusc_449.csv,0
/gpfsscratch/rech/rnz/uyc98hc/datasets/tcga/mocov3/resnet50/train/lusc/lusc_450.csv,0
/gpfsscratch/rech/rnz/uyc98hc/datasets/tcga/mocov3/resnet50/train/lusc/lusc_452.csv,0
/gpfsscratch/rech/rnz/uyc98hc/datasets/tcga/mocov3/resnet50/train/lusc/lusc_453.csv,0
/gpfsscratch/rech/rnz/uyc98hc/datasets/tcga/mocov3/resnet50/train/lusc/lusc_455.csv,0
/gpfsscratch/rech/rnz/uyc98hc/datasets/tcga/mocov3/resnet50/train/lusc/lusc_456.csv,0
/gpfsscratch/rech/rnz/uyc98hc/datasets/tcga/mocov3/resnet50/train/lusc/lusc_457.csv,0
/gpfsscratch/rech/rnz/uyc98hc/datasets/tcga/mocov3/resnet50/train/lusc/lusc_460.csv,0
/gpfsscratch/rech/rnz/uyc98hc/datasets/tcga/mocov3/resnet50/train/lusc/lusc_461.csv,0
/gpfsscratch/rech/rnz/uyc98hc/datasets/tcga/mocov3/resnet50/train/lusc/lusc_463.csv,0
/gpfsscratch/rech/rnz/uyc98hc/datasets/tcga/mocov3/resnet50/train/lusc/lusc_464.csv,0
/gpfsscratch/rech/rnz/uyc98hc/datasets/tcga/mocov3/resnet50/train/lusc/lusc_465.csv,0
/gpfsscratch/rech/rnz/uyc98hc/datasets/tcga/mocov3/resnet50/train/lusc/lusc_466.csv,0
/gpfsscratch/rech/rnz/uyc98hc/datasets/tcga/mocov3/resnet50/train/lusc/lusc_467.csv,0
/gpfsscratch/rech/rnz/uyc98hc/datasets/tcga/mocov3/resnet50/train/lusc/lusc_468.csv,0
/gpfsscratch/rech/rnz/uyc98hc/datasets/tcga/mocov3/resnet50/train/lusc/lusc_469.csv,0
/gpfsscratch/rech/rnz/uyc98hc/datasets/tcga/mocov3/resnet50/train/lusc/lusc_471.csv,0
/gpfsscratch/rech/rnz/uyc98hc/datasets/tcga/mocov3/resnet50/train/lusc/lusc_473.csv,0
/gpfsscratch/rech/rnz/uyc98hc/datasets/tcga/mocov3/resnet50/train/lusc/lusc_474.csv,0
/gpfsscratch/rech/rnz/uyc98hc/datasets/tcga/mocov3/resnet50/train/lusc/lusc_476.csv,0
/gpfsscratch/rech/rnz/uyc98hc/datasets/tcga/mocov3/resnet50/train/lusc/lusc_478.csv,0
/gpfsscratch/rech/rnz/uyc98hc/datasets/tcga/mocov3/resnet50/train/lusc/lusc_479.csv,0
/gpfsscratch/rech/rnz/uyc98hc/datasets/tcga/mocov3/resnet50/train/lusc/lusc_480.csv,0